from,to
5627,6326
6241,9341
5932,9825
9644,9723
5801,5843
6525,6833
5609,6801
6522,8461
6020,6718
7023,7099
6820,7738
6452,6868
6780,9746
7891,8811
7365,9629
5800,7853
8069,8944
8089,8289
5730,8860
9073,9568
6419,9820
5627,8807
6802,9196
8922,9846
6192,8782
6129,9102
6529,8663
7335,7987
7445,9413
6687,6883
5829,7280
5803,8673
6857,8751
7931,9426
5774,7585
9383,9534
6329,6797
6580,7588
5962,8965
7588,9686
6617,9278
6237,7042
8212,8443
9502,9753
5704,9259
8375,8455
6538,8671
7898,8648
6403,9505
7251,9472
7041,7099
6170,6844
6408,9690
6969,8264
8035,9582
7265,7777
9386,9484
7177,9038
6362,9504
5973,7529
7685,9131
5701,7050
6523,6851
7180,9692
9106,9140
6263,6926
6579,9863
7224,8927
5849,5988
5535,9611
5572,6146
6741,9808
6855,9655
6396,6628
7281,8679
8205,9543
5820,8465
7380,7418
5857,5909
5681,5847
6699,8545
6372,8532
6810,8327
7071,8153
6983,7956
7851,9787
6141,9752
6878,9568
6859,7717
7872,8134
6011,8467
5825,7003
6181,9525
5958,9704
6075,6170
6285,9643
6601,7910
8553,9205
6096,9737
5719,8889
